Страна;Регион;Город;Оператор;Коды;Тип (моб - 1, стационарный - 0)
MTT Global Networks;;;MTT;883140,8831403,88314073,88314072,88314071;0
Voxbone Global Networks;;;Voxbone;8835100;0
Абхазия;;;;7840;0
Абхазия;;;Aquafon;79409;1
Абхазия;;;Others;7940;1
Абхазия;;;А-Моб.;79407;1
Австралийская Антарктическая территория;;;;672;0
Австралия;;;;61;0
Австралия;;;Global Satelite Mobile;6114;1
Австралия;;;;611,614;1
Австралия;;;;6173,61870,61874,6128,6172,61873,61882,6193,61871,6194,6129,6163,61883,61261,6154,61872,6192,6152,6153,6164,6165,61881,61884,61262,6162;0
Австралия;;;специальные сервисы;6113;0
Австрия;;;;43;0
Австрия;;Вена;;431;0
Австрия;;;Connect One;43681,43699;1
Австрия;;; Mobilkom;43644,43664,43680,43688,4369988,4369989;1
Австрия;;;Others;43711,43720,43730,43740,43780,43810,43820;1
Австрия;;;Telering;43650;1
Австрия;;;T-Mobile;43676,43677;1
Австрия;;; роуминг Connect One;4369900;1
Австрия;;;роуминг Mobilkom;436640;1
Австрия;;;роуминг Telering;436500;1
Австрия;;;роуминг T-Mobile;436760;1
Австрия;;;роуминг 3G;436600;1
Австрия;;; 3G;43660,43678;1
Австрия;;;;43661;1
Австрия;;;3G;4367833,4367890,4367891;1
Азербайджан;;;;994;0
Азербайджан;;Баку;;99412;0
Азербайджан;;;Azercell;99450,99451;1
Азербайджан;;;Azerfon;99470,99477;1
Азербайджан;;; Backcell;99455;1
Азербайджан;;;Catel;99440;1
Азербайджан;;;Others;99444,9945,99460;1
Азербайджан;;;роуминг Azercell;994508;1
Азербайджан;;;роуминг Azerfon;9947020;1
Азербайджан;;;Azerfon;994700;1
Азербайджан;;;Bakcell;994550;1
Азербайджан;;;специальные сервисы;99488,9949;0
Албания;;;;355;0
Албания;;;OLO;3554249,3554250,3554251,3554252;1
Албания;;;Интерактивное ТВ;355346,355355,355511,355559;1
Албания;;;Eagle;35567;1
Албания;;;PLUS;35566;1
Албания;;;прочие;35568,35569;1
Албания;;;Тирана;3554;1
Албания;;;AMC;355680;1
Албания;;;специальные сервисы;35552450,35545751,35545750;0
Алжир;;;;213;0
Алжир;;;Algeria Telecom;21366,21369;1
Алжир;;;Orascom;21377,21379;1
Алжир;;;Others;2136,21396,21398;1
Алжир;;;Wataniya;2135;1
Алжир;;;Orascom;213780;1
Алжир;;;;2137,2139;1
Американская Самоа;;;;1684;0
Американские Виргинские острова;;;;1340;0
Ангилья;;;;1264;0
Ангола;;;;244;0
Ангола;;;;2449;1
Ангола;;;Мовисел;24491;1
Ангола;;;Юнител;24492,24493;1
Андорра;;;;376;0
Андорра;;;;3763,3764,3765,3766;1
Антигуа и Барбуда;;;;1268;0
Аргентина;;;;54;0
Аргентина;;Буэнос Айрес;;5411;0
Аргентина;;;;549;1
Армения;;;;374;0
Армения;;Ереван;;37410;0
Армения;;;ArmenTel;37491,37492,37499;1
Армения;;;Orange;37455,37495;1
Армения;;;Others;3749;1
Армения;;;VivaCell;37477,37493,37494,37498;1
Армения;;;роуминг ArmenTel;374910,3749144;1
Армения;;;роуминг Orange;3749597;1
Армения;;;роуминг VivaCell;3749329;1
Армения;;;прочие;3744,3746037;1
Армения;;;внегеографические;37460;0
Аруба;;;;297;0
Аруба;;;;29756,29759,29760,29762,29766,29769,29773,29774,2979;1
Аруба;;;;29763,29764;1
Афганистан;;;;93;0
Афганистан;;;Afghan Telecom;9375;1
Афганистан;;;AWCC;9370;1
Афганистан;;; Etisalat;9378;1
Афганистан;;;MTN;9377;1
Афганистан;;;Others;937;1
Афганистан;;;Roshan;9379;1
Багамы;;;;1242;0
Бангладеш;;;;880;0
Бангладеш;;;;8801;1
Барбадос;;;;1246;0
Барбадос;;;;124623,124624,124625,124626,124644,124645,124652,124653,124682,124683;1
Барбадос;;;;124684,124685;1
Бахрейн;;;;973;0
Бахрейн;;;;973136,97333,97334,97336,973377,973383,973388,97339,973663,973666,97377;1
Беларусь;;;;375;0
Беларусь;;;IFS;375800;1
Беларусь;;;Telemalic services;375602;1
Беларусь;;Минск;;375172,375173,375175;0
Беларусь;;;BeST;37525;1
Беларусь;;;MDC;375291,375293,375296,375299,37544;1
Беларусь;;;MTS;375292,375295,375297,375298,37533;1
Беларусь;;;Others;37529;1
Беларусь;;;Сервис;375609;1
Беларусь;;;OLO;3758600003,3758600001,3758600002,3758600000;0
Беларусь;;;MDC;3752960,3752910,3752930,3752990;1
Беларусь;;;MTS;37529739,37529549,37529719,37529799,37529789,37529579,37529759,37529729;1
Беларусь;;;;375290,375294;1
Беларусь;;;специальные сервисы;37533344,3753336;0
Белиз;;;;501;0
Белиз;;;;5016;1
Бельгия;;;;32;0
Бельгия;;; Universal Access;3270;1
Бельгия;;;ИСС;3297461,3297761,3297861,3297961;0
Бельгия;;;Base;3248;1
Бельгия;;;Belgacom (Proximus);32460,3247;1
Бельгия;;; Mobistar;3249;1
Бельгия;;;Others;324630;1
Бельгия;;; Telenet;324681,324682,324683;1
Бельгия;;;роуминг Base;3248601;1
Бельгия;;; роуминг Belgacom (Proximus);324750;1
Бельгия;;;роуминг Mobistar;3249509;1
Бельгия;;;;3245,32463,324660,324661,324662;1
Бенин;;;;229;0
Бенин;;;;2299;1
Бермудские острова;;;;1441;0
Болгария;;;;359;0
Болгария;;;OLO;35924,359349;0
Болгария;;;WiMax;35999;1
Болгария;;;ВТС;35987;1
Болгария;;;GloBul;35989;1
Болгария;;; Mobikom;35948;1
Болгария;;; Mobiltel;35988;1
Болгария;;;Others;35998;1
Болгария;;;роуминг ВТС;359878;1
Болгария;;;роуминг GloBul;359898;1
Болгария;;;роуминг Mobiltel;359880;1
Болгария;;София;;3592;0
Болгария;;;Специальные сервисы;3598829;1
Болгария;;;Mobiltel;359989,359988;1
Болгария;;;;359179;1
Болгария;;;специальные сервисы;35988154;0
Боливия;;;;591;0
Боливия;;;;59160,59165,59167,5917;1
Босния и Герцеговина;;;;387;0
Босния и Герцеговина;;; ВН Telecom;38761,38762;1
Босния и Герцеговина;;;Eronet;38763;1
Босния и Герцеговина;;;Others;3876;1
Босния и Герцеговина;;;Telekom Srpske;38765,38766;1
Босния и Герцеговина;;; роуминг ВН Telecom;3876112;1
Босния и Герцеговина;;;роуминг Eronet;3876330,3876339;1
Босния и Герцеговина;;;роуминг Telekom Srpske;3876550;1
Босния и Герцеговина;;;HT Mostar;3873049,3873065,3873071,38733901,3873631,3873632,3873634,3873635,3873639,3873682,3873689,3873970,3873079,38751901,3873070,3873288,38735901,3873633,3873638,3873677,3873688,3873966,3873967,387497,3873064,3873080,3873087,3873289,3873644,3873664,3873681,3873686,38737901,3873969,387317,3873678,3873971,3873984,3873985,3873968,3873073,38733648,3873637,3873665,3873685,3873938,38734,3873680,3873687,3873983;0
Босния и Герцеговина;;;Srpske;387543,3875490,38754914,3875494,38755,38758,38750,3875492,3875493,387492,38754916,3875497,3875499,38759,387494,387540,387548,38754913,3875496,387493,38751,387546,3875495,3875498,38756,38752,387541,387542,387547,38754910,38754919,38753,387545,38754915,38754917,38757,387544,38754912,38754918;0
Босния и Герцеговина;;;BH Telecom;3876032,3876034,3876039,3876031,3876033,3876038;1
Босния и Герцеговина;;;Eronet;38764;1
Босния и Герцеговина;;;Telekom Srpske;38767;1
Босния и Герцеговина;;;специальные сервисы;387369113,387369111,387369114,387369112,387369115;0
Ботсвана;;;;267;0
Ботсвана;;;;2677;1
Бразилия;;;;55;0
Бразилия;;;;55116,55117,55118,55119,55126,55127,55128,55129,55136,55137,55138;1
Бразилия;;;;55139,55146,55147,55148,55149,55156,55157,55158,55159;1
Бразилия;;;;55166,55167,55168,55169,55176,55177,55178,55179;1
Бразилия;;;;55186,55187,55188,55189,55196,55197,55198,55199;1
Бразилия;;;;55216,55217,55218,55219,55226,55227,55228,55229;1
Бразилия;;;;55236,55237,55238,55239,55246,55247,55248,55249;1
Бразилия;;;;55256,55257,55258,55259,55266,55267,55268,55269;1
Бразилия;;;;55276,55277,55278,55279,55286,55287,55288,55289;1
Бразилия;;;;55296,55297,55298,55299,55316,55317,55318,55319;1
Бразилия;;;;55326,55327,55328,55329,55336,55337,55338,55339;1
Бразилия;;;;55346,55347,55348,55349,55356,55357,55358,55359;1
Бразилия;;;;55366,55367,55368,55369,55376,55377,55378,55379;1
Бразилия;;;;55386,55387,55388,55389,55396,55397,55398,55399;1
Бразилия;;;;55416,55417,55418,55419,55426,55427,55428,55429;1
Бразилия;;;;55436,55437,55438,55439,55446,55447,55448,55449;1
Бразилия;;;;55456,55457,55458,55459,55466,55467,55468,55469;1
Бразилия;;;;55476,55477,55478,55479,55486,55487,55488,55489;1
Бразилия;;;;55496,55497,55498,55499,55516,55517,55518,55519;1
Бразилия;;;;55526,55527,55528,55529,55536,55537,55538,55539,;1
Бразилия;;;;55546,55547,55548,55549,55556,55557,55558,55559;1
Бразилия;;;;55566,55567,55568,55569,55576,55577,55578,55579;1
Бразилия;;;;55586,55587,55588,55589,55596,55597,55598,55599;1
Бразилия;;;;55616,55617,55618,55619,55626,55627,55628,55629;1
Бразилия;;;;55636,55637,55638,55639,55646,55647,55648,55649;1
Бразилия;;;;55656,55657,55658,55659,55666,55667,55668,55669;1
Бразилия;;;;55716,55717,55718,55719,55726,55727,55728,55729;1
Бразилия;;;;55736,55737,55738,55739,55746,55747,55748,55749;1
Бразилия;;;;55756,55757,55758,55759,55766,55767,55768,55769;1
Бразилия;;;;55776,55777,55778,55779,55786,55787,55788,55789;1
Бразилия;;;;55796,55797,55798,55799,55816,55817,55818,55819;1
Бразилия;;;;55826,55827,55828,55829,55836,55837,55838,55839;1
Бразилия;;;;55846,55847,55848,55849,55856,55857,55858,55859;1
Бразилия;;;;55866,55867,55868,55869,55876,55877,55878,55879;1
Бразилия;;;;55886,55887,55888,55889,55896,55897,55898,55899;1
Бразилия;;;;55916,55917,55918,55919,55926,55927,55928,55929;1
Бразилия;;;;55936,55937,55938,55939,55946,55947,55948,55949;1
Бразилия;;;;55956,55957,55958,55959,55966,55967,55968,55969;1
Бразилия;;;;55976,55977,55978,55979,55986,55987,55988,55989;1
Бразилия;;;;55996,55997,55998,55999;1
Бразилия;;Рио-де-Жанейро;;5521;0
Бразилия;;Сан-Паулу;;5511;0
Бразилия;;Белу Оризонти;;5531;0
Бразилия;;;;55115027,55115047,55115059,55115106,55115114,55115116,5511512,55115170,55115173,55115175,55115194,55115196,55115197,551152,55679,55115024,55115107,55115109,55115119,55115199,551153,55115520,55115540,55115554,55115810,55115900,55115930,5511598,55678,55697,55115075,55115104,55115174,55115190,55115192,55115195,551154,55115551,55676,55698,55115020,55115023,55115028,55115179,55115193,55115552,5511580,55115813,55677,55687,55689,55115025,55115038,55115048,55115108,55115113,55115118,55115172,55115176,55115500,55115550,5511591,55115936,55115937,5511594,55688,55696,55115026,55115057,55115064,55115076,55115100,55115117,5511513,55115178,55115198,55115815,55115901,55115902,55115903,55115905,55115935,5511595,5511599,55115030,55115037,55115101,55115039,55115040,55115043,55115050,5511514,5511515,5511516,55115177,55115530,551157,5511596,55686,55699;1
Бразилия;;Сан-Паулу;;55115212,5511521;0
Британские Виргинские острова;;;;1284;0
Бруней;;;;673;0
Бруней;;;;67371,6738;1
Буркина Фасо;;;;226;0
Буркина Фасо;;;Интерактивное ТВ;22650;0
Буркина Фасо;;;;2267;1
Бурунди;;;;257;0
Бурунди;;;;25729,2577;1
Бурунди;;;Спец.сервисы;2577485;0
Бутан;;;;975;0
Вануату;;;;678;0
Ватикан;;;;379;0
Великобритания;;;;44;0
Великобритания;;;NTS 844;44844;1
Великобритания;;;NTS 845;44845;1
Великобритания;;;NTS 870;44870;1
Великобритания;;;NTS 871;44871;1
Великобритания;;;PNS;4470,4476,449;1
Великобритания;;; ИСС;448999;0
Великобритания;;;Hi3G (Hutchison);447400,447401,447402,447403,447533,447575,447576;1
Великобритания;;;Hi3G (Hutchison);447577,447578,447588,447723,447727,447728,447735;1
Великобритания;;;Hi3G (Hutchison);447737,447828,447830,447832,447838,447846,447848;1
Великобритания;;;Hi3G (Hutchison);447853,447859,447861,447862,447863,447865,447868,;1
Великобритания;;;Hi3G (Hutchison);447869,447877,447878,447882,447883,447886,447888;1
Великобритания;;;Hi3G (Hutchison);447897,447898,447915,447916,447988;1
Великобритания;;;Orange;447527,447528,447529,447530,447531,4475320,4475321;1
Великобритания;;;Orange;4475322,4475323,4475324,447536,447556,447579,447580;1
Великобритания;;;Orange;447581,447582,447583,447772,447773,447779,447790;1
Великобритания;;;Orange;447791,447792,447794,447800,447805,447807,447811;1
Великобритания;;;Orange;447812,447813,447814,447815,447816,447817,447837;1
Великобритания;;;Orange;447954,447855,447866,447870,447875,447890,447891;1
Великобритания;;;Orange;447896,447929,447964,447965,447966,447967,447968;1
Великобритания;;;Orange;447969,447970,447971,447972,447974,447977,447980,447989;1
Великобритания;;;Others;447,448;1
Великобритания;;;О2;44751,447521-447523,447525,447526,44754,44756,44759;1
Великобритания;;;О3;447701-447716,447718-447720,447724,447725,447729-447732;1
Великобритания;;;О4;447734,447736,447738-447740,447742,447743,447745;1
Великобритания;;;О5;447746,447749-447754,447756,447759,447761-447874;1
Великобритания;;;О6;447885,447889,447892-447895,447902,447907,447912;1
Великобритания;;;О7;447921-447923,447925-447928,447933-447936,447938;1
Великобритания;;;О8;447955,4479997764,447783,447784,447793,447801;1
Великобритания;;;О9;447803,447808,447809,447819-447821,447834,447835;1
Великобритания;;;О10;447840-447845,447849-447851,447856-447858,447860,447864,447871;1
Великобритания;;;T-Mobile;447504-447508,447534,447535,447538,447539,447550;1
Великобритания;;;T-Mobile;447572-447574,447722,447726,447757,447758,447804;1
Великобритания;;;T-Mobile;447806,447847,447852,447903-447906,447908,447910;1
Великобритания;;;T-Mobile;447913,447914,447930-447932,447939,44794,44795;1
Великобритания;;;T-Mobile;447960-447963,447981-447987;1
Великобритания;;;Vodafone;447500-447503,4475374,447551-447555,447570;1
Великобритания;;;Vodafone;447584-447587,447717,447721,447733,447741,447747;1
Великобритания;;;Vodafone;447748,447765-447771,447774-447776,447778,447780;1
Великобритания;;;Vodafone;447786,447787,447789,447795,447796,447798,447810;1
Великобритания;;;Vodafone;447818,447825-447827,447831,447833,447836,447867;1
Великобритания;;;Vodafone;447876,447879-447881,447884,447887,447899-447901;1
Великобритания;;;Vodafone;447909,447917-447920,447979,447990;1
Великобритания;;;роуминг Hi3G;447782;1
Великобритания;;;роуминг Orange;447973;1
Великобритания;;;роуминг 02;447802;1
Великобритания;;;роуминг T-Mobile;447953;1
Великобритания;;;роуминг Vodafone;447760,447785,447788,447799,447823,447824;1
Великобритания;;;NTS 843;44843;0
Великобритания;;;Orange;447975,447976;1
Великобритания;;;;4478722,4478933,4478939,4478744,4478644,4478730,4478925,4478930,4478727,4478745,4478920,4478922,4478921,4478938,4478931;1
Великобритания ;;;NTS 872;44872;0
Великобритания ;;;NTS 873;44873;0
Великобритания ;;;Wide;443;0
Великобритания ;;;O2;447999;1
Великобритания ;;;Vodafone;447407,447557;1
Венгрия;;;;36;0
Венгрия;;;Pannon;3620;1
Венгрия;;;T-Mobile;3630;1
Венгрия;;; Vodafone;3670;1
Венгрия ;;Будапешт;;361;0
Венгрия ;;;Tesco;3631;1
Венесуэла;;;;58;0
Венесуэла;;Каракас;;58212;0
Венесуэла;;;;5841,5842;1
Вознесения о-в;;;;247;0
Вьетнам;;;;84;0
Вьетнам;;;;84121-84123,84125-84129,84164-84169,84199,849;1
Вьетнам ;;;специальные сервисы;841900;0
Габон;;;;241;0
Габон;;;;24103;1
Габон;;;Celtel;24104,24107;1
Габон;;;Libertis;24106;1
Габон;;;Telecel;24105;1
Габон ;;;;2413;1
Габон ;;;Libertis;2416;1
Габон ;;;Telecel;2415;1
Гаити;;;;509;0
Гаити;;;;5093-5099;1
Гайана;;;;592;0
Гайана ;;;;592601,592602,59261,592604,592609,592656,592600,592639,592658,59266,592603,592652,592657,59267,59269,592638,592654,592651,59264,592650,592653,59262,592655,59268;1
Гамбия;;;;220;0
Гамбия;;;;2203,2206,2207,2209;1
Гана;;;;233;0
Гана;;Аккра;;233302;0
Гана;;;;23320,23323,23324,23326-23328,23354;1
Гваделупа;;;;590;0
Гваделупа;;;;590690;1
Гватемала;;;;502;0
Гватемала;;;;5024,5025;1
Гвинея;;;;224;0
Гвинея;;;Areeba;22464;1
Гвинея;;;Cellcom;22465,22467;1
Гвинея;;; Intercel;22463;1
Гвинея;;;Orange;22462,22468;1
Гвинея;;;Others;2246;1
Гвинея;;;Sotelgui;22460;1
Гвинея-Биссау;;;;245;0
Гвинея-Биссау;;;Guinetel;2457;1
Гвинея-Биссау;;;Orange;2455;1
Гвинея-Биссау;;;Spacetel;2456;1
Германия;;;;49;0
Германия;;;;4932;0
Германия;;;;49115,49116,49118,4912,4913,49191-49194;0
Германия;;;E-Plus;49150,49155-49157,49163,49178;1
Германия;;;Others;4915,4916,49700,49701;1
Германия;;;О2;49159,49179;1
Германия;;;T-Mobile;49151,49160,49170,49171,49175;1
Германия;;;Vodafone;49152,49162,49173,49174;1
Германия;;; роуминг E-Plus;49177;1
Германия;;; роуминг 02;49176;1
Германия;;; роуминг Vodafone;49172;1
Германия;;;;4918;0
Гибралтар;;;;350;0
Гибралтар;;;;3505,3506;1
Гондурас;;;;504;0
Гондурас;;;;5043,5047-5049;1
Гонконг;;;;852;0
Гонконг;;;;85217,85251,85253,85254,85256,8526,8529;1
Гренада;;;;1473;0
Гренландия;;;;299;0
Греция;;;;30;0
Греция;;;Cosmote;30697,30698;1
Греция;;;Others;3069;1
Греция;;;Vodafone;30694,30695;1
Греция;;;Wind;30690,30693,30699;1
Греция;;;роуминг Cosmote;3069710;1
Греция;;;роуминг Vodafone;3069423;1
Греция;;; роуминг Wind;3069350;1
Грузия;;;;995;0
Грузия;;Аджария;;9952;0
Грузия;;;Geocell;99514,99555,99557,99558,99577,99593;1
Грузия;;;Magticom;99591,99595,99596,99598,99599;1
Грузия;;;Mobitel;99568,99571,99574,99579,99592;1
Грузия;;;Others;99551,99570,99578,99590,99597;1
Грузия;;;роуминг Geocell;995550,995778,995939;1
Грузия;;;роуминг Magticom;9959959;1
Грузия;;Абхазия;;99544;0
Грузия;;;Специальные Сервисы;99572,99576;0
Грузия;;Тбилиси;;99532;0
Грузия;;;Magti;995790;0
Грузия;;;Silk;995791;0
Грузия ;;;Geocell;995593,995514,995558,995557,995555,995577;1
Грузия ;;;Magticom;995591,995599,995596,995595,995551,995598;1
Грузия ;;;Mobitel;995568,995592,995574,995597,995571,995579;1
Грузия ;;;SilkNet;995570;1
Грузия ;;;;9955;1
Гуам;;;;1671;0
Дания;;;;45;0
Дания;;;ИСС;45801;0
Дания;;;Barablu;4531312,45318,45428,454290,454293,455063,455064,455068,455069,456098;1
Дания;;;Hi3G;4531,454291,454292,454294,454295,455211,455212,45535-45538;1
Дания;;;Others;452,4542,4552,4553,4560,4571,4581;1
Дания;;;Sonofon;45206-45209,4522,4525,45319,45405-45409,4541,45424,45425,454260,454270,454275,454280,4550,455210,455220,455222,455225,455230,455233,455240,455242,455244,45525-45529,45531,455333,45539,;1
Дания;;;Sonofon;45605-45609,45618,45619,45711,45712,457170,457171,457174-457177,457191,457192,45811-45813,458181,458182;1
Дания;;;TDC;4520,4521,4523,4524,452596,4529,4530,4540,455060,455061,4551,456099,4561,45713-45716,45718;1
Дания;;;Telia;452395,4526-4528,45420-45423,454276-454279,454296-454299,455188,455189,45521-45524,455319,45532-45534,45601-45604,456146;1
Дания ;;;Hi3G;45426,454273,454274,454271,454272,454283;1
Дания ;;;Telenor;458162,458171,457179,458164,458172,458193,457194,458160,458191,457172,45815,458161,458175,458194,456050,458165,458173,458190,458192,457195,458163,458180,457178,457190,458174;1
Дания ;;;Telia;454286,454282;1
Дания ;;;;458138,458137,458139,455398,454285,4590,4591;1
Демократическая Республика Конго;;;;243;0
Демократическая Республика Конго;;;;2438,2439;1
Джибути;;;;253;0
Диего Гарсия;;;;246;0
Доминика ;;;;1767420,1767421;1
Доминикана;;;;1767;0
Доминикана;;;;1767225,1767235,1767245,1767265,1767275-1767277,1767285,1767295,1767315-1767317,176761;1
Доминиканская Республика;;;;1809,1829,1849;0
Египет;;;;20;0
Египет;;;;2010-2012,2014,20150-20152,2016-2019;1
Египет ;;;Etisalat;20155;1
Египет ;;;Etisalat;2011794,201138;1
Египет ;;;MobiNil;201509,201220,201837;1
Замбия;;;;260;0
Замбия;;;;26094-26099;1
Замбия ;;;;26099,26097,26094,26095,26098,26096;1
Западное Самоа;;;;685;0
Зимбабве;;;;263;0
Зимбабве;;;VoIP;26386;0
Зимбабве;;;Econet;26377,26391;1
Зимбабве;;;NetOne;26311,26371;1
Зимбабве;;;Telecel;26323,26373;1
Зимбабве;;;Специальные Сервисы;26391279,2639138;0
Зимбабве ;;;специальные сервисы;26391379;0
Израиль;;;;972;0
Израиль;;;IFS;97213764;0
Израиль;;;;9721515,9721535,9725,9726;1
Израиль;;Палестина;;97222,97242,97282,97292;0
Израиль;;Палестина;;97256,97259;1
Израиль ;;;;972153,972151;1
Индия;;;;91;0
Индия;;;BSNL;9194;1
Индия;;;Others;919;1
Индия ;;Андра Прадеш;;9186-89;0
Индия ;;Ахмедабад;;9179;0
Индия ;;Бангалор;;9180;0
Индия ;;Карнатка;;91833,91836,91830,91844,9181,9182,91837,91842,91839,91853,91848,918419,91831,91838,91835,91847;0
Индия ;;;;918,917;1
Индия  ;;;BSNL;917587,918762,918901,917579,917599,917839,9180051,918277,918278,9183319,9183330,918763,918903,919193,917380,918275,9183318,9183328,918544,918902,918987,919531,917376,9180050,9180052,9180054,918281,9183329,9183338,918480,919196,919683,917597,918004,918300,9183310,918500,918547,918580,918764,918895,919684,917382,917588,918280,9183309,918989,91918,919191,919530,919532,917598,9183339,918986,918988,919194,919195,919682,917589,9180053,918279,9183320,918765,918887,918900,918985,919190,919192,919197;1
Индонезия;;;;62;0
Индонезия;;Джакарта;;6221;0
Индонезия;;;Exelcom;62817-62819,62859,62877,62878;1
Индонезия;;;Indosat;62814-62816,62855-62858;1
Индонезия;;;Others;628;1
Индонезия;;;Satellite;62868;1
Индонезия;;;Telkomsel;62811-62813,62852,62853;1
Иордания;;;;962;0
Иордания;;;;9627;1
Ирак;;;;964;0
Ирак;;Багдад;;9641;0
Ирак;;;;9647;1
Ирак;;;Zain;96478,96479;1
Ирак;;;Asia;96477;1
Ирак;;;Korek;96475;1
Ирак;;;Спец. сервис;964821,964822;0
Ирак;;;;96466,96462;0
Иран;;;;98;0
Иран;;;;989;1
Иран;;Тегеран;;9821;0
Ирландия;;;;353;0
Ирландия;;;Universal Access;353818;1
Ирландия;;;VoIP Access;35376;0
Ирландия;;;Hi3G;35383;1
Ирландия;;;Meteor;35385;1
Ирландия;;; Others;3538;1
Ирландия;;; Vodafone;35382,35387;1
Ирландия;;;2;35386;1
Ирландия;;;роуминг Meteor;353857;1
Ирландия;;;роуминг Vodafone;353872;1
Ирландия;;;персональные номера;353700;0
Исландия;;;;354;0
Исландия;;;Others;354388,354389,3546,35477;1
Исландия;;;Siminn;354632,354637,354826-354829,35483-35489;1
Исландия;;;Vodafone;354615-354618,35462,354649,354659,35466-35469,35475,354820-354825;1
Исландия;;;Zero Nine;354380,354655;1
Исландия ;;;Siminn;354631,354385;1
Исландия ;;;;354781,354780,354783,354782;1
Испания;;;;34;0
Испания;;; Amena;34605,34615,34625,34632,34635,34640,34644,34645,34651-34655,34657,34658,34665,34675,34685,346880,346882,34691-34693,34695,346982-346988;1
Испания;;;Others;346;1
Испания;;;Telefonica (Movistar);34659,34660,346686,346688,34669,34676,34601,346021-346023,34606,34608,34616,34618,34620,34626,34628,34636,34638,346422,346427-346429,34646,34648-34650,34679-34682,346840,346841,34686,34689,34696,34699;1
Испания;;; Vodafone;34600,346111,346116,34617,34627,34634,34637,34647,34661-34664,34666,34667,34670-34674,34677,34678,346846,34687,346886,346888,346981;1
Испания;;;Xfera;34622,34633;1
Испания;;;роуминг Amena;34656;1
Испания;;;роуминг Telefonica (Movistar);34609,34619,34629,34630,34639,34690;1
Испания;;;роуминг Vodafone;34607,34610,34697;1
Испания;;;роуминг Xfera;346220;1
Испания;;;Специальные Сервисы;3451,3470,3480,3490;0
Испания ;;;;347;1
Италия;;;;39;0
Италия;;;Hi3G;39373,3939;1
Италия;;;Omnitel (Vodafone);3934,39377,39383;1
Италия;;;Others;393;1
Италия;;;TIM;3933,3936,39370;1
Италия;;;Wind;3932,3938;1
Италия;;;роуминг Hi3G;393910;1
Италия;;; роуминг Omnitel (Vodafone);39349;1
Италия;;; роуминг Т1М;393358;1
Италия;;;роуминг Wind;393205;1
Йемен;;;;967;0
Йемен ;;;Hits;96770;1
Йемен ;;;MTN;96773;1
Йемен ;;;Sabafon;96771;1
Йемен ;;;Ymobile;96777;1
Кабо-Верде;;;;238;0
Кабо-Верде;;;;23859,2389;1
Казахстан;;;;771,772;0
Казахстан;;Актау;;77292;0
Казахстан;;Актюбинск;;77132;0
Казахстан;;Алматы;;77272,77273;0
Казахстан;;;Альтернативные сети;7760-7764;0
Казахстан;;Астана;;77172;0
Казахстан;;Атырау;;771222;0
Казахстан;;Караганда;;77212;0
Казахстан;;Костанай;;771430;0
Казахстан;;Кызылорда;;77242;0
Казахстан;;;Altel;7700;1
Казахстан;;;KarTel;7705,7771,7777;1
Казахстан;;;'K''Cell';7701,7702,7775;1
Казахстан;;;Telecom Service;7707;1
Казахстан;;;'роуминг K''Cell';77010;1
Казахстан;;Павлодар;;77182;0
Казахстан;;Петропавловск ;;77152;0
Казахстан;;Тараз;;77262;0
Казахстан;;Уральск;;77112;0
Казахстан;;УстьКаменогорск;;77232;0
Казахстан;;Шимкент;;77252;0
Казахстан ;;;альтернативные сети;7761,776;0
Казахстан ;;;KarTel;7776;1
Казахстан ;;;'K''Cell';7778;1
Казахстан ;;;Telecom Service;7747;1
Казахстан ;;;специальные сервисы;7762,7763,7788,7764,7785;0
Каймановы о-ва;;;;1345;0
Каймановы о-ва;;;;134522-134524,134532,134551,134552,134554,134561,134562,134564,134566,134591-134593;1
Камбоджа;;;;855;0
Камбоджа;;;;8551,8559;1
Камерун;;;;237;0
Камерун;;;MTN;2377;1
Камерун;;;Orange;2376,2379;1
Камерун ;;;MTN;23750;1
Камерун ;;;Orange;23755;1
Канада;;;;1204,1226,1250,1289,1306,1403,1416,1418,1438,1450,1506,1514,1519,1581,1587,1600,1604,1613,1647,1705,1709,1778,1780,1807,1819,1867,1902,1905;0
Канада;;;;1086;0
Канада;;;;1249,1343;0
Катар;;;;974;0
Катар;;;;9743,9745-9747;1
Кения;;;;254;0
Кения;;;Celtel;25473;1
Кения;;;Econet;25475;1
Кения;;;Orange;25477;1
Кения;;;Others;2547;1
Кения;;;Safaricom;25471,25472;1
Кения;;Спец.сервисы;;25404;0
Кения ;;;специальные сервисы;2544;0
Кипр;;;;357;0
Кипр;;Спец.сервисы;;357700,357777;0
Кипр;;;MTN;3571219,35796;1
Кипр;;;Vodafone;3571239,35797,35799;1
Кипр ;;;Primetel;35712295,35795;1
Кипр др.;;;;357123,3579;1
Кирибати р-ка;;;;686;0
Китай;;;;86;0
Китай;;;;8613,86147,8615,86186,86188,86189;1
Китай;;;;8613000,8613090,8613200,8613254,861344,861374,8613900,8615644,861574;1
Китай ;;;;86135,86137,86151,86158,86182,86136,86139,86152,86187,86150,86157,86159,86134,86138;1
Китай ;;;China Telecom;86153,8618;1
Китай ;;;Unicom;86130,86155,86156,86133,86145,86131,86132;1
Колумбия;;;;57;0
Колумбия;;;;573;1
Колумбия ;;;Comcel;57312,57321,57311,57313,57314,57320,57310;1
Колумбия ;;;Movistar;57318,57317,57315,57316;1
Колумбия ;;;Ola;57301,57300,57304;1
Коморские и Майотте о-ва;;;;269;0
Конго;;;;242;0
Конго;;;Azur;24201;1
Конго;;;Celtel;24205,2425,2427;1
Конго;;;MTN;24206,2426,2429;1
Конго;;;Warid;24204,2424;1
Конго ;;;Azur;2421;1
Корея Скверная;;;;850;0
Корея Южная;;;;82;0
Корея Южная;;;;8201,821;1
Коста-Рика;;;;506;0
Коста-Рика;;;;5068;1
Коста-Рика ;;;;5066,5065,5067;1
Кот-д-Иву ар;;;;225;0
Кот-д-Иву ар;;Спец.сервисы;;2252170;0
Кот-д-Иву ар;;;A-Cell;22501-22503,22540;1
Кот-д-Иву ар;;;Comium;22565-22568;1
Кот-д-Иву ар;;;MTN;22504-22506,22544-22546,22555;1
Кот-д-Иву ар;;;Orange;22507-22509,22547-22549,22557,22558;1
Кот-д-Иву ар;;;Oricel;22560,22561;1
Кот-д-Иву ар;;;Warid;22550;1
Кот-д-Ивуар ;;;A-Cell;2251,2252,2253;1
Кот-д-Ивуар ;;;Comium;22566,22567,22565;1
Куба;;;;53;0
Куба ;;;;535;1
Кувейт;;;;965;0
Кувейт;;;;9654-9657,9659;1
Кука о-ва;;;;682;0
Кыргызстан;;;;996;0
Кыргызстан;;;Ay Sat Systems;9965227,9965228;1
Кыргызстан;;;HCD;996805;1
Кыргызстан;;;Totel;99631297;1
Кыргызстан;;;TynSyn;99631299;1
Кыргызстан;;;АзияИнфо1;99631296;1
Кыргызстан;;;Бишкек;996312;1
Кыргызстан;;;Aktel;996543,996545;1
Кыргызстан;;;Katel;996512,996515,996517;1
Кыргызстан;;;Megacom;99655;1
Кыргызстан;;;Nur Telecom;99670;1
Кыргызстан;;;Others;9965;1
Кыргызстан;;;Sky Mobile;99677;1
Кыргызстан;;;Sotel;99657;1
Кыргызстан;;;Winline;99631247,99631269,99631287-99631289,99631293,99656;1
Кыргызстан;;;роуминг Megacom;996555;1
Кыргызстан;;;Elcat;996312976;0
Кыргызстан ;;;Katel;9963127;0
Кыргызстан ;;;Megaline;996312975,996313;0
Кыргызстан ;;;Nur Telecom;996312973;0
Кыргызстан ;;;Sky mobile;99631258;1
Кыргызстан ;;;Totel;996312970;0
Кыргызстан ;;;Transfer group;996312972;0
Кыргызстан ;;;Aktel;99654595,996546;1
Кыргызстан ;;;Asia Info;9966232;1
Кыргызстан ;;;Elcat;996622;1
Кыргызстан ;;;Katel;99651;1
Кыргызстан ;;;Sky Mobile;99677597,996778,996771,996773,996777,996770,996779,99677558,996772,99677598,99677599;1
Кыргызстан ;;;Winline;99656550,99656687,99656689,99656647,99656688,9965669,99656669;1
Лаос;;;Лаос;856;0
Латвия;;;Латвия;371;
Латвия;;;Bite;3712205-3712209,371221,3712239,371225,3712280-3712284,3712550-3712555,3712585,3712588,3712720-3712726;1
Латвия;;;Bite;3712728,3712729,371273-371275,3712760-3712767,3712770-3712776,3712778,3712779,3712790,3712792-3712794,3712796,3712798,3712799;1
Латвия;;;Camel;37121,371222;1
Латвия;;;CSC;3712840;1
Латвия;;;ECO Solutions;3712769,3712791;1
Латвия;;;LMT;371202,3712200-3712204,371224,371254,3712556-3712559,371256,371261-371266,371278,371283,3712849,371286,371287,371291-371294;1
Латвия;;;Master Telecom;3712266,3712277,3712288,3712299,3712444,3712777;1
Латвия;;;Rigatta;3712010;1
Латвия;;; Telefant;3712400,3712500,3712900;1
Латвия;;;Telekom Baltija;3712580-3712584,3712589;1
Латвия;;;Tivi;3712727;1
Латвия;;;Voipal;3712795;1
Латвия;;;;3716303,3716309,3716311,3796313,3716321,3716328,3716331,3716339,3716341,3716347,3716350,3716358,3716361,3716365,3716371,3716377,3716379,3716381,3716389,3716391,3716399,3716401,3716409,3716411,3716418,3716421;1
Латвия;;;;3716429,3716431,3716433,3716437,3716439,3716441,3716442,3716446,3716451,3716458,3716461,3716467,3716468,3716471,3716479,3716481,3716488,3716490,3716501,3716509;1
Латвия;;;;3716511,3716518,3716521,3716528,3716531,3716539,3716541,3716548,3716558,3716561,3716563,3716567,3716569,3716571,3716577,3716579,3716580,3716588,3716838,3716840,3716860,3716868;1
Латвия;;;;37168501,37168502,37168504;1
Латвия;;;Теле 2;371200,371203,3712230-3712238,371259,371260,371267-371271,371282,3712844-3712848,371288,371295-371299;1
Латвия;;Рига;;37166,37167;0
Латвия;;;;371660,371661,3716666,3716677,3716688,37166999,3716715,3716716,3716719,3716723,3716748,3716749,3716763-3716765,37167660-37167666,37167669,3716769,3716771,3716772,3716778,3716779,3716785,3716788;0
Латвия;;Спец.сервисы;;371810;0
Латвия;;Спец.сервисы;;37165153,37165158,37165159,3719060;0
Латвия;;Спец.сервисы;;3712,3712797,37165,37168,3718,3719;0
Латвия;;;премиум;3717872,37190215,37190208,3718110;0
Латвия;;;;3716689,371662,3716787,3716889;0
Латвия ;;;Bite;371206,3712586,371207,3712587;1
Латвия ;;;CSC;3712018;1
Латвия ;;;ECO Solutions;3712278,3718104,3718060,3712279,3719040;1
Латвия ;;;IMX;3712808,3712095,3712809,3712408,3712097,3712909,3712409,3712908;1
Латвия ;;;Telekom Baltija;3712094;1
Латвия ;;;;3716861,3716200,3716313,3716550,3716581;1
Латвия ;;;Теле 2;371204,371205,371252,371253,371289,371281;1
Латвия ;;;специальные сервисы;37168519,37168904,37168535,37168906,3716806,37168516,3716891,37168510,3716859,37168509,3716852,37168905,3717,3716858,37168907,37168908;0
Лесото;;;;266;0
Лесото;;;;2665,2666;1
Либерия;;;;231;0
Либерия;;;Cellcom;2317;1
Либерия;;;Comium;2315;1
Либерия;;;Libercell;2314;1
Либерия;;;LoneStar;2316;1
Либерия;;Спец.сервисы;;23190;0
Ливан;;;;961;0
Ливан;;;;9613,96170,96171;1
Ливан ;;;;961789,961788,96176,961783,96179;1
Ливия;;;;218;0
Ливия;;;;21891,21892,21894-21896;1
Ливия ;;;Al Hurra;21899;1
Литва;;;;370;0
Литва;;;Bite;37063,370640-370644,370649,37065,370660,370661,370666,370669,370681,370685,370689,370690,3706913-3706919,37069742,37069743,370699;1
Литва;;;Omnitel;37061,37062,370662,370663,370680,370682,370686-370688,370692-370698;1
Литва;;;Others;3706;1
Литва;;;Те1е2;37060,370645-370648,370668,37067,370683,370684;1
Литва;;Спец.сервисы;;370910;0
Литва;;;;370521939-370521941,37052654;0
Литва;;;;37037250,37037252,37037369,37052528,37037255,37052529,37052530,37037251,37037254,37037368;0
Литва ;;;внегеографические;370700,370706;0
Литва ;;;Tele2;3706686;1
Литва ;;;Vortumo;37066301,37066306,37066309,37066307,37066303,37066304,37066310,37066302,37066308,37066305;1
Литва ;;;премиум;3707051;0
Литва ;;;специальные сервисы;3708,3707,3709;0
Лихтенштейн;;;;423;0
Лихтенштейн;;;;4236,4237;1
Лихтенштейн;;;;42369,4237;1
Лихтенштейн;;Спец.сервисы;;4238,4239;0
Люксембург;;;;352;0
Люксембург;;;LUXGSM;352621,352628;1
Люксембург;;;Others;3526;1
Люксембург;;;TANGO;352691,352698;1
Люксембург;;;VOX;352661,352668;1
Маврикий;;;;230;0
Мавритания;;;;222;0
Мадагаскар;;;;261;0
Мадагаскар;;;;26130-26134;1
Мадагаскар;;;;2612002,26122;1
Мадагаскар;;Спец.сервисы;;261200;0
Мадагаскар ;;;;26131,26133,26132,26130,26134;1
Макао;;;;853;0
Македония;;;;389;0
Македония;;;Cosmofon;38975,38976;1
Македония;;;Others;3897;1
Македония;;;T-Mobile;38970-38972;1
Македония;;;VIP Operator;38977,38978;1
Македония;;Спец.сервисы;;38982;0
Македония ;;;T-Mobile;38971,38972,38970;1
Малави;;;;265;0
Малави;;;TNM;26588;1
Малави;;;Zain;26599;1
Малайхия;;;;60;0
Малайхия;;;;601;1
Мали;;;;223;0
Мали;;;Orange;2237;1
Мали;;;Sotelma;2236;1
Мали ;;;Orange;22390,22391;1
Мальдивы;;;;960;0
Мальдивы;;;Dhiraagu;9607;1
Мальдивы;;;Wataniya;9609;1
Мальта;;;;356;0
Мальта;;;;3567,3569;1
Марокко;;;;212;0
Марокко;;;WLL;212526,212527,212529,212533,212534,212538,212546;1
Марокко;;;GlobalStar;212892;1
Марокко;;; Meditel;212612,212614,212617,212619,212644,212645,212649,212656,212660,212663-212665,212669,212674,212675,212679;1
Марокко;;;Others;2126;1
Марокко;;; Wana;212600,212633,212640,212646,212647,212699;1
Марокко;;;;212520,212521,212525,212530-212532;0
Марокко;;;Wana Wireless Local Loop;212550,212540,212547,212553;0
Мартиника;;;;596;0
Мартиника;;;;596696;1
Маршаловы о-ва;;;;692;0
Международный;;;Бесплатные номера;810800;0
Мексика;;;;52;0
Мексика;;;;521;1
Микронезия;;;Микронезия;691;0
Мозамбик;;;Мозамбик;258;0
Мозамбик;;;Mcel;25882;1
Мозамбик;;;Vodacom;25884;1
Молдова;;;;373;0
Молдова;;;HCD;37322219;1
Молдова;;;Eventis Mobile;373650;1
Молдова;;;Moldcell;37378,37379;1
Молдова;;;Moldtelecom;37367;1
Молдова;;; Voxtel;373600-373604,37368,37369;1
Молдова;;;прочие;3736,3737;1
Молдова;;;роуминг Moldcell;3737949;1
Молдова;;;роуминг Voxtel;373691,373697;1
Молдова;;Приднестровье;;37321,3735,37353,37355,37356;0
Молдова;;;;37377;1
Молдова;;;;37322-37327,37329;0
Молдова;;;Приднестровье;373215,373219,373557,373210,373216,373552,373562,373533,373555;0
Молдова ;;;PRS;373900;0
Молдова ;;;внегеографические;37338,3733;0
Молдова ;;;Moldtelecom;373671,373672,373676,373673,373674,373675;1
Молдова ;;;Orange Moldova;37360;1
Молдова ;;;Orange Moldova;373680;1
Молдова ;;;Приднестровье;37377410;1
Монако;;;;377;0
Монако;;;K.FOR;37744,37745,37747;1
Монако;;;Others;3774,3776;1
Монголия;;;;976;0
Монголия;;;;97650,97655,97688,97691,97692,97695,97696,97698,97699;1
Монтсеррат;;;;1664;0
Мьянма;;;;95;0
Нагорный Карабах;;;;37447;0
Нагорный Карабах;;;;37497;1
Намбия;;;;264;0
Намбия;;;;26481,26485;1
Науру;;;;674;0
Непал;;;;977;0
Нигер;;;;227;0
Нигер;;;;2279;1
Нигер;;Спец.сервисы;;2271,227201,2272039,22739;0
Нигерия;;;;234;0
Нигерия;;;;23470,23480,234812,234813,234819,23490;1
Нигерия ;;;Celtel;234802,234808,234708;1
Нигерия ;;;Etisalat;234809,234818;1
Нигерия ;;;Globacom;234805,234705,234807;1
Нигерия ;;;Mtel;234804;1
Нигерия ;;;MTN;234803,234810,234806,234816,234703,234706;1
Нигерия ;;;Nitel;2347022,2347021;1
Нидерландские Антильские о-ва;;;;599;0
Нидерланды;;;;31;0
Нидерланды;;;K.PN;31610,31612,31613,31620,31622,31623,31630,31651,31657,31665,31682,31683;1
Нидерланды;;;Orange;31618,31638,31639,31648;1
Нидерланды;;;Others;316;1
Нидерланды;;;02 (Telefort);31617,31619,31633,31644,31645,31647,31649;1
Нидерланды;;;Те1е2;31636,3164;1
Нидерланды;;;T-Mobile;31614,31634,31641-31643,31681;1
Нидерланды;;;Vodafone;31611,31615,31621,31625,31627,31629,31631,31637,31646,31650,31652,31655,31680;1
Нидерланды;;;роуминг KPN;31653;1
Нидерланды;;;роуминг Orange;31628;1
Нидерланды;;;роуминг 02 (Telefort);31616,31626;1
Нидерланды;;;роуминг T-Mobile;31624;1
Нидерланды;;;роуминг Vodafone;31654;1
Нидерланды;;Спец.сервисы;;31660,31670-31675,316760,31677-31679,3184,3185,3187,31900,31906,31909;0
Нидерланды ;;;Tele 2;31640;1
Никарагуа;;;;505;0
Никарагуа;;;;5058;1
Никарагуа;;;;5058892,5058921,5058922;1
Ниуэ;;;;683;0
Новая Зеландия;;;;64;0
Новая Зеландия;;;;642;1
Новая Каледония;;;;687;0
Норвегия;;;;47;0
Норвегия;;;NetCom;474000,474001,474010,474011,474014,47402-47404,474050-474055,474060-474068,474077,4740825-4740829,474083,474094-474101,474106,474107,474117,474118,47450-47452,474539,47454;1
Норвегия;;;NetCom;474550,474551,474559,474566-474569,474576-474579,474583,474584,474586,474591,474593-474595,474598,474599,47464,474650,474654,474660-474665;1
Норвегия;;;NetCom;474668-474670,474673-474677,474714-474717,474744,474833,474834,474836,474837,474840,474841,474848-474852,474859,474893,47599,47920,479210,479217,47922,479237,47924,479257,47926,479277,47928,479297,47930,479317,47932,479337,47934,479357,47936,479377;1
Норвегия;;;NetCom;47938,479391,479410-479412,47942,479442,479443,479447-479449,479664,479692,47980,479815,47982,479837,47984,479854,47986,479876,47988,479899;1
Норвегия;;;Others;474,4758,4759,479;1
Норвегия;;Спец.сервисы;;470,471,47810,47815;0
Норвегия;;;Telenor;474004-474009,474015-474019,474084-474089,47414-47417,474184-474189,474580-474582,474585,474587-474589,474597,474666,474667,47468,474690-474696,474720-474722,474745-474751,47476,474770;1
Норвегия;;;Telenor;474771,474775-474778,47478,474790,474797-474799,47480-47482,474830,474842,474884-474889,474894-474899,475900-475902,47591,47592,47595,47900-47902,479036,479040,479041,479047,47905-47909;1
Норвегия;;;Telenor;479100,47911,479124,47913,47915-47918,479191,479199,479400,479401,479403,479405,479413-479419,479474-479479,47948,479490,479497,479498,47950-47952,479530,479533,479536,47954,479552,479555,47957-47959;1
Норвегия;;;Telenor;479601,479604,479609,479620,479622,479623,479650,479651,479660-479663,479689,479693-479699,47970,47971,479740-479743,479746-479749,47975-47977,479795-479799,479905-479912,479915,479916,47992-47995,47999;1
Норвегия;;;Те1е2;47412,47413,474723-474729,47473;1
Норвегия;;;роуминг NetCom;479200;1
Норвегия;;;роуминг Telenor;474171,479;1
Норвегия ;;;NetCom;47407,475931,474047,474046,474048,474049,474045,475932;1
Норвегия ;;;Network Norway;474636,474678,475930,479679,474679,474835,479985,479986,479988,474623,474627,474637,474860,479671,479672,479673,479674,479675,474628,474793,475906,47966,474622,474625,47475,474791,474590,474626,474635,474639,47968,474634,474792,474832,474621,474624,474629,474638,474831,479670,479987,479989;1
Норвегия ;;;Telenor;47472,47941;1
Норвегия ;;;Telenor;479000;1
Норфолк о-в;;;;6723;0
ОАЭ;;;;971;0
ОАЭ;;;;97150,97155,97156;1
Оман;;;;968;0
Оман;;;;9689;1
Пакистан;;;;92;0
Пакистан;;;;923;1
Пакистан ;;;Mobilink;9230;1
Пакистан ;;;Pakcom;9236;1
Пакистан ;;;Paktel;9231;1
Пакистан ;;;SCO;9235;1
Пакистан ;;;Telenor;9234;1
Пакистан ;;;Ufone;9233;1
Пакистан ;;;Warid;9232;1
Палау;;;;680;0
Палестина;;;;970;0
Палестина;;;;97056,97059;1
Панама;;;;507;0
Панама;;;;5076;1
Папуа Новая Гвинея;;;;675;0
Парагвай;;;;595;0
Парагвай;;;;5959;1
Перу;;;;51;0
Перу;;;;5119,51419,51429,51439,51449,51519,51529,51539,51549,51569,51619,51629,51639,51649,51659,51669,51679,51729,739,51749,51769,51829,51839,51849,519;1
Перу;;;Спец.сети;51181-51183,51418,51428,51438,51448,51518,51528,51538,51548,51568,51618,51628,51638,51648,51658,51668,51678,51728,51738,51748,51768,51828,51838,51848;0
Перу ;;;;51739;1
Перу ;;;специальные сети;5118;0
Польша;;;;48;0
Польша;;Варшава;;4822;0
Польша;;;;48221001,48221005,4822110,4822111,482220,482221,4822222-4822229,48222300,48222301,48222303,4822231-4822240,48222411-48222418,4822242-4822246,48222471-48222476,48222479,4822248,4822249,4822251-4822254;0
Польша;;;;48222550,48222552,48222553,48222555,48222556,48222558,48222560-48222564,48222566-48222569,4822257-4822260,48222611-48222619,4822262,48222631-48222635,48222638,4822264,48222651-48222659,4822266,48222671-48222673,48222677-48222679;0
Польша;;;;48222688,48222689,48222695-48222698,482227,482228,4822290,4822291,48222920-48222926,48222928,48222929,48222931,4822294,48222953,48222954,4822296-4822306,48223080,48223081,48223085-48223089,4822309,482231-482234,48223500,48223501;0
Польша;;;;48223504-48223509,4822351-4822364,48223651-48223659,4822366-4822377,48223780,48223783,48223785-48223789,4822379-4822387,48223880-48223885,48223887-48223889,4822389,48223900-48223902,48223904;0
Польша;;;;48223905,48223907-48223909,4822391-4822398,48223990-48223998,482240,482241,4822420-4822426,48224270,48224272-48224279,48224281-48224285,4822429,482243-482246,48224700-48224702;0
Польша;;;;4822471-4822478,48224790-48224793,48224798-48224800,48224804-48224806,48224808,4822481-4822486,48224870,48224872-48224879,4822488-4822499,4822700-4822709,482271;0
Польша;;;Era;48600,48606,48608,48660,48662,48664,48666,48668,48692,48694,48696,48698,48720,487272,487273,48728,48784,48787,48788,487954-487955,48880-48882,488833,488838,48884,48886,48888,48889,48899;1
Польша;;;Orange;4850,4851,48690,48780,48786,48789,4879;1
Польша;;;Others;4860,486666,48699,4872;1
Польша;;;Plus;48603,48605,48607,48609,48661,48663,48665,48667,48669,48691,48693,48695,48697,486995,486997-486999,48721-48726,487274-487279,487290,487291,48781-48783,48785,48885,48887;1
Польша;;;Р4;48530,48531,48533,48535,4869967,4869969,48790-48794,487950,487956-487959,48796,48883;1
Польша;;;роуминг Era;48602,48604;1
Польша;;;роуминг Orange;48501;1
Польша;;;роуминг Plus;48601;1
Польша ;;Варшава;OLO;4822220,4822221;0
Польша ;;Варшава;специальные сервисы;482219889;0
Польша ;;;Centernet;486907,487280,487990,488811;1
Польша ;;;Era;48538,487299,487953,487391,487951,48532,487952,488819,488810,488818,487298,48539;1
Польша ;;;Orange;487892,487893,48795,487894,487996,487999,487890,487998,487997,487891,48798,48797;1
Польша ;;;Plus;487895,487896,487296,487292,487294,487270,487899,4872971,487293,487295,487897,487898;1
Польша ;;;P4;48534,485374,488815,485372,485373,48732,487995,488813,48731,48733,488816,486908,48730,487390,48536,48537,487991,487992,487994,485370,485371,486900,486909,487392,488814,487993,488812,488817;1
Польша ;;;;4853;1
Польша ;;;специальные сервисы;48333335,4880,4870;0
Польша Варшава, Специальные сервисы;;;Спец.сервисы;482219888,48222;0
Португалия;;;;351;0
Португалия;;;Optimus;35193;1
Португалия;;;Others;351169,351189,3516,3519;1
Португалия;;;TMN;35196;1
Португалия;;;Vodafone;35191;1
Португалия ;;;TMN и MVNO;35192;1
Пуэрто-Рико;;;;1787,1939;0
Реюньон о-в;;;;262;0
Реюньон о-в;;;;262269,262639,262692,262693;1
Россия;;;;7;0
Россия;;;Бесплатные номера;8800;0
Россия;;;Экстренные службы;01,02,03,04,05,06,07,08,09;0
Россия;Алтайский край;Барнаул;;73852;0
Россия;Алтайский край;;;7385;0
Россия;Амурская область;Благовещенск;;74162;0
Россия;Амурская область;;;7416;0
Россия;Архангельская область;Архангельск;;78182;0
Россия;Архангельская область;;;7818;0
Россия;Астраханская область;Астрахань;;78512;0
Россия;Астраханская область;;;7851;0
Россия;Белгородская область;Белгород;;74722;0
Россия;Белгородская область;;;7472;0
Россия;Брянская область;Брянск;;74832;0
Россия;Брянская область;;;7483;0
Россия;Владимирская область;Владимир;;74922;0
Россия;Владимирская область;;;7492;0
Россия;Волгоградская область;Волгоград;;78442;0
Россия;Волгоградская область;;;7844;0
Россия;Вологодская область;Вологда;;78172;0
Россия;Вологодская область;Череповец;;78202;0
Россия;Вологодская область;;;7817,782;0
Россия;Воронежская область;Воронеж;;74732;0
Россия;Воронежская область;;;7473;0
Россия;Еврейская АО;Биробиджан;;74262;0
Россия;Еврейская АО;;;7426;0
Россия;Ивановская область;Иваново;;74932;0
Россия;Ивановская область;;;7493;0
Россия;Иркутская область;Иркутск;;73952;0
Россия;Иркутская область;;;7395;0
Россия;Кабардино-Балкарская Республика;Нальчик;;78662;0
Россия;Кабардино-Балкарская Республика;;;7866;0
Россия;Калининградская область;Калининград;;74012;0
Россия;Калининградская область;;;7401;0
Россия;Калужская область;Калуга;;74842;0
Россия;Калужская область;;;7484;0
Россия;Камчатский край;Петропавловск-Камчатский;;74152;0
Россия;Камчатский край;;;7415;0
Россия;Карачаево-Черкесская Республика;Черкесск;;78782;0
Россия;Карачаево-Черкесская Республика;;;7878;0
Россия;Кемеровская область;Кемерово;;73842;0
Россия;Кемеровская область;;;7384;0
Россия;Кировская область;Киров;;78332;0
Россия;Кировская область;;;7833;0
Россия;Костромская область;Кострома;;74942;0
Россия;Костромская область;;;7494;0
Россия;Краснодарский край;Краснодар;;78612;0
Россия;Краснодарский край;Сочи;;7862;0
Россия;Краснодарский край;;;7861,7862;0
Россия;Красноярский край;Красноярск;;73912;0
Россия;Красноярский край;;;7391;0
Россия;Курганская область;Курган;;73522;0
Россия;Курганская область;;;7352;0
Россия;Курская область;Курск;;74712;0
Россия;Курская область;;;7471;0
Россия;Липецкая область;Липецк;;74742;0
Россия;Липецкая область;;;7474;0
Россия;Магаданская область;Магадан;;74132;0
Россия;Магаданская область;;;7413;0
Россия;;Москва;;7495,7499;0
Россия;Московская область;;;7496,7498;0
Россия;Мурманская область;Мурманск;;78152;0
Россия;Мурманская область;;;7815;0
Россия;Ненецкий АО;Нарьян-Мар;;781853;0
Россия;Ненецкий АО;;;781857;0
Россия;Нижегородская область;Н.Новгрод;;78312,78314;0
Россия;Нижегородская область;;;7831;0
Россия;Новгородская область;Великий Новгород;;78162;0
Россия;Новгородская область;;;7816;0
Россия;Новосибирская область;Нвосибирск;;73832,73833;0
Россия;Новосибирская область;;;7383;0
Россия;Омсккая область;Омск;;73812;0
Россия;Омсккая область;;;7381;0
Россия;Оренбургская область;Оренбург;;73532;0
Россия;Оренбургская область;;;7353;0
Россия;Орловская область;Орел;;74862;0
Россия;Орловская область;;;7486;0
Россия;Пензенская область;Пенза;;78412;0
Россия;Пензенская область;;;7841;0
Россия;Пермский край;Пермь;;73422;0
Россия;Пермский край;;;7342;0
Россия;Приморский край;Владивосток;;74232;0
Россия;Приморский край;;;7423;0
Россия;Псковская область;Псков;;78112;0
Россия;Псковская область;;;7811;0
Россия;Республика Адыгея;Майкоп;;78772;0
Россия;Республика Адыгея;;;7877;0
Россия;Республика Алтай;Горно-Алтайск;;73882;0
Россия;Республика Алтай;;;7388;0
Россия;Республика Башкортостан;Уфа;;73472;0
Россия;Республика Башкортостан;;;7347;0
Россия;Республика Бурятия;Улан-Удэ;;73012;0
Россия;Республика Бурятия;;;7301;0
Россия;Республика Дагестан;Махачкала;;78722;0
Россия;Республика Дагестан;;;7872;0
Россия;Республика Ингушетия;Назрань;;78732;0
Россия;Республика Ингушетия;;;7873;0
Россия;Республика Калмыкия;Элиста;;78472;0
Россия;Республика Калмыкия;;;7847;0
Россия;Республика Карелия;Петрозаводск;;78142;0
Россия;Республика Карелия;;;7814;0
Россия;Республика Коми;Сыктывкар;;78212;0
Россия;Республика Коми;;;7821;0
Россия;Республика Марий Эл;Йошкар-Ола;;78362;0
Россия;Республика Марий Эл;;;7836;0
Россия;Республика Мордовия;Саранск;;78342;0
Россия;Республика Мордовия;;;7834;0
Россия;Республика Саха ;Якутск;;74112;0
Россия;Республика Саха ;;;7411;0
Россия;Республика Северная Осетия;Владикавказ;;78672;0
Россия;Республика Северная Осетия;;;7867;0
Россия;Республика Татарстан;Казань;;78432,78435;0
Россия;Республика Татарстан;Набережные Челны;;78552;0
Россия;Республика Татарстан;;;7843,7855;0
Россия;Республика Тыва;Кызыл;;73942;0
Россия;Республика Тыва;;;7394;0
Россия;Республика Удмуртия;Ижевск;;73412;0
Россия;Республика Удмуртия;;;7341;0
Россия;Республика Хакасия;Абакан;;73902;0
Россия;Республика Хакасия;;;7390;0
Россия;Ростовская область;Ростов-на-Дону;;78632;0
Россия;Ростовская область;;;7863;0
Россия;Рязанская область;Рязань;;74912;0
Россия;Рязанская область;;;7491;0
Россия;Самарская область;Самара;;78462,78463,78469;0
Россия;Самарская область;Тольятти;;78482;0
Россия;Самарская область;;;7846,7848;0
Россия;;Санкт-Петербург;;7812;0
Россия;Ленинградская область;;;7813;0
Россия;Саратовская область;Саратов;;78452;0
Россия;Саратовская область;;;7845;0
Россия;Сахалинская область;Южно-Сахалинск;;74242;0
Россия;Сахалинская область;;;7424;0
Россия;Свердловская область;Екатеринбург;;73432,734333;0
Россия;Свердловская область;;;7343;0
Россия;Смоленская область;Смоленск;;74812;0
Россия;Смоленская область;;;7481;0
Россия;Ставропольский край;Ставрополь;;78652;0
Россия;Ставропольский край;Минеральные Воды;;787922;0
Россия;Ставропольский край;;;7865,7879;0
Россия;Тамбовская область;Тамбов;;74752;0
Россия;Тамбовская область;;;7475;0
Россия;Тверская область;Тверь;;74822;0
Россия;Тверская область;;;7482;0
Россия;Томская область;Томск;;73822;0
Россия;Томская область;;;7382;0
Россия;Тульская область;Тула;;74872;0
Россия;Тульская область;;;7487;0
Россия;Тюменская область;Тюмень;;73452;0
Россия;Тюменская область;;;7345;0
Россия;Ульяновская область;Ульяновск;;78422;0
Россия;Ульяновская область;;;7842;0
Россия;Хабаровский край;Хабаровск;;74212;0
Россия;Хабаровский край;;;7421;0
Россия;Ханты-Мансийский АО;Сургут;;73462;0
Россия;Ханты-Мансийский АО;;;7346;0
Россия;Челябинская область;Челябинск;;73512,73517;0
Россия;Челябинская область;;;7351;0
Россия;Чеченская Республика;Грозный;;78712;0
Россия;Чеченская Республика;;;7871;0
Россия;Забайкальский край;Чита;;73022;0
Россия;Забайкальский край;;;7302;0
Россия;Чувашская Республика;Чебоксары;;78352;0
Россия;Чувашская Республика;;;7835;0
Россия;Чукотский АО;Анадырь;;74272;0
Россия;Чукотский АО;;;7427;0
Россия;Ямало-Ненецкий АО;Салехард;;734922;0
Россия;Ямало-Ненецкий АО;;;7349;0
Россия;Ярославская область;Ярославль;;74852;0
Россия;Ярославская область;;;7485;0
Россия;;;Мобильные номера;79;1
Россия;;Байконур;;7336;0
Россия;;Москва;выделенные сети АСВТ;79971,79976;1
Россия;;Москва;выделенные сети Газтелеком;7477;1
Россия;;Ростов-на-Дону;выделенные сети Газтелеком;7477565;1
Россия;;Хабаровск;выделенные сети ГлобалТел;7954;1
Россия;;Москва;"Выделенные сети ""Искра-2"" и СДО ""Искра""";79972,79973,79977,79970;1
Россия;Московская область;;"Выделенные сети ""Искра-2"" и СДО ""Искра""";79974,79975,79979;1
Руанда;;;;250;0
Руанда;;;;2500,25072,25075,25078;1
Румыния;;;;40;0
Румыния;;;Альтернативные сети;403,409;0
Румыния;;Бухарест;;4021;0
Румыния;;;Cosmorom;4076;1
Румыния;;;D1G1;4077;1
Румыния;;;Mobifon;4072,4073;1
Румыния;;;Orange;4074,4075;1
Румыния;;;Others;407;1
Румыния;;;Romtelecom Mobile;40711;1
Румыния;;;Telemobil;4078;1
Румыния;;;роуминг Mobifon;40722;1
Румыния;;;роуминг Orange;40744;1
Сальвадор;;;;503;0
Сальвадор;;;;5037;1
Сан-Марино;;;;378;0
Сан-Марино;;;;3786;1
Сан-Марино;;;;3787;1
Сан-Томе и Принсипи;;;;239;0
Саудовская Аравия;;;;966;0
Саудовская Аравия;;;;9665;1
Саудовская Аравия ;;;Al Jawal;96655,96650,96653;1
Саудовская Аравия ;;;Bravo;96651;1
Саудовская Аравия ;;;Mobily;96654,96656;1
Саудовская Аравия ;;;Zain;96658,96659;1
Свазиленд;;;;268;0
Свазиленд;;;;2686,2687;1
Святой Елены о-в;;;;290;0
Северные Марианские о-ва;;;;1670;0
Сейшельские о-ва;;;;248;0
Сейшельские о-ва;;;;2485,2487;1
Сейшельские о-ва;;;Специальные Сервисы;248206,24898;0
Сен-Пьер и Микелон о-в;;;;508;0
Сен-Пьер и Микелон о-в;;;;50855;1
Сенегал;;;;221;0
Сенегал;;;Others;2213,2217;1
Сенегал;;;Sentel GSM;22176;1
Сенегал;;;Sonatel Mobiles;22177;1
Сенегал;;;Expresso;22130;0
Сенегал ;;;Expresso;22170;1
Сенегал ;;;Orange;22178;1
Сенегал ;;;специальные сервисы;221766756,221766;0
Сент-Винсент и Гренадины;;;;1784;0
Сент-Китс и Невис о-в;;;;1869;0
Сент-Люсия о-в;;;;1758;0
Сент-Люсия о-в;;;;17582-17585,17587;1
Сербия;;;;381;0
Сербия;;;Telecom Serbia;38164-38166;1
Сербия;;;Telenor;38162,38163,38169;1
Сербия;;;TopNet;38160,38161,38168;1
Сербия;;;роуминг Telenor;381630,381639;1
Сербия;;;IPKO;381387;0
Сербия ;;Белград;;38111;0
Сербия ;;Косово;;38128,38129,38139,38138;0
Сербия ;;;Telecom Serbia;38166,38164,38165;1
Сербия ;;;;3816;1
Сербия ;;;специальные сервисы;3811661,3812721,3813081,3813579,3811921,3812061,38123051,3812421,3813331,3813621,38129310,3813241,38111412,38111414,3811561,38118310,3812281,38111411,3811341,3812621,3811051,3811739,38134210,38111410,3811241,3812531,3813161,38139310,38121310,3812361,3813721;0
Сингапур;;;;65;0
Синт-Мартен;;;;1721;0
Сирия;;;;963;0
Сирия;;;;9639;1
Словакия;;;;421;0
Словакия;;;Eurotel;421901,421902,421904,421910-421912,421914;1
Словакия;;;Orange;421905,421906,421908,421909,421915-421919;1
Словакия;;;2;421940,421944,421948,421949;1
Словакия;;;роуминг Eurotel;421903;1
Словакия;;;роуминг Orange;421907;1
Словакия ;;;Orange;421945;1
Словения;;;;386;0
Словения;;;Альтернативные сети;3861320,3861400,3861401,3861550,3861600,3861620,3861691,3861777,3861810,3862334,3862400,3862600,3862620,3862707,3863400,3863600,3863620,3863715,3863777,3864263,3864400,3864600,3864620,3864777;0
Словения;;;Альтернативные сети;3865400,3865600,3865620,3865632,3865777,386590,386591,3865920-3865922,3865969,386597-386599,3867310,3867400,3867600,3867620,3867777,386815,3868160-3868162,386817,386820,3868220,3868300,38698;0
Словения;;;IPKO;38643,38649;1
Словения;;; Mobitel;38631,38641,38651,38671;1
Словения;;;Simobil;38630,3864;1
Словения;;;Tusmobil;38670;1
Словения;;;Т2 Mobile;38664;1
Словения;;;роуминг Mobitel;386311,386411;1
Словения;;;роуминг Simobil;386400;1
Словения;;;альтернативные сети;38615555,3861828,3862000,38622927,3863828,38642927,38652926,3868228,3869806,3869808,3861188,38615550,3862820,38642926,38645550,38655555,3865850,386593,38675550,3867828,3867880,3868185,3868288,3869816,3869824,38612926,3861330,38625555,3863830,3864880,3865968,38675555,3868282,3869805,3869812,3869815,3869826,38625552,3862880,3863880,38638888,3864828,38658888,3866777,38672927,3867870,3868181,3868182,3868227,3868281,3869819,3861880,38622926,3862621,38632926,38655550,3865924,38672926,3869810,38612927,3861601,3865923,386596,3868184,3868280,3869820,38612009,38618888,3862828,38628884,38632927,38635555,3864840,38652927,3865828,386594,386595,386838,3869804,38612430,38635550,38645555,3865880,3865925,3868350,3869813;0
Словения ;;;Mobitel;3869817,3869800,3869803;1
Словения ;;;Simobil;386833,3869818,38640,3869801,38668;1
Словения ;;;Tusmobil;3869807,3869802;1
Словения ;;;T2-mobile;3869814;1
Словения ;;;специальные сервисы;3868189;0
Соломоновы о-ва;;;;677;0
Сомали;;;;252;0
Спутниковая сеть ;;;Emsat;88213;0
Спутниковая сеть ;;;Global Networks;88234;0
Спутниковая сеть Aeromobile;;;;88299;0
Спутниковая сеть Cubio;;;;88240;0
Спутниковая сеть DTAG;;;;88228;0
Спутниковая сеть Ellipso;;;;8812,8813;0
Спутниковая сеть Emsat;;;;88113;0
Спутниковая сеть Global Networks;;;;88134;0
Спутниковая сеть GlobalStar;;;;8818,8819;0
Спутниковая сеть Inmarsat;;;;870;0
Спутниковая сеть Inmarsat - Aero;;;;8705;0
Спутниковая сеть Inmarsat - BGAN;;;;87077;0
Спутниковая сеть Inmarsat - BGAN HCD;;;;87078;0
Спутниковая сеть Inmarsat - Mini М;;;;87076;0
Спутниковая сеть Inmarsat - В;;;;8703;0
Спутниковая сеть Inmarsat - В HSD;;;;87039;0
Спутниковая сеть Inmarsat - М;;;;8706;0
Спутниковая сеть Inmarsat - М4 HSD;;;;87060;0
Спутниковая сеть Iridium;;;;8816,8817;0
Спутниковая сеть Jasper;;;;88235;0
Спутниковая сеть Onair;;;;88298;0
Спутниковая сеть Oration;;;;88233;0
Спутниковая сеть Seanet;;;;88242;0
Спутниковая сеть Thuraya;;;;88216;0
Спутниковая сеть МСР;;;;88232;0
Судан;;;;249;0
Судан;;;Mobitel;24990,24991;1
Судан;;;MTN;24992,24999;1
Судан;;;Others;2499;1
Судан ;Южный;;;211;0
Суринам;;;;597;0
Суринам;;;;59768,59771,59772,59775,5978;1
США;;;;1;0
США;;;Freefone;1800,1866,1877,1888;0
США;;Аляска;;1907;
США;;Гавайские острова;;1808;0
Сьерра-Леоне;;;;232;0
Сьерра-Леоне;;;;23225,23230,23233,23244,23255,23256,23276-23278,23288;1
Таджикистан;;;;992;0
Таджикистан;;;Premium;99237230;0
Таджикистан;;;Альтернативные сети;9924;0
Таджикистан;;Душанбе;;992372;0
Таджикистан;;Душанбе;;99237221;0
Таджикистан;;;Babilon;992918,99298;1
Таджикистан;;;Indigo;99293;1
Таджикистан;;;М.Теко;99296;1
Таджикистан;;;Others;9929;1
Таджикистан;;;Somoncom;99292;1
Таджикистан;;;Тасот;992917,992919;1
Таджикистан;;;Telecom Ink;99297;1
Таджикистан;;;TK-Mobile;99295;1
Таджикистан;;;Tojiktelecom;99299;1
Таджикистан;;;TTMobile;99290;1
Таджикистан;;; роуминг Babilon;9929180;1
Таджикистан;;;роуминг Indigo;9929301;1
Таджикистан;;;роуминг TTMobile;99290700;1
Таджикистан ;;;Indigo;992501;1
Таджикистан ;;;Somoncom;992505;1
Таджикистан ;;;Tacom;992915;1
Таиланд;;;;66;0
Таиланд;;;;668;1
Тайвань;;;;886;0
Тайвань;;;;88660,88670,8869;1
Танзания;;;;255;0
Танзания;;;;2556,2557;1
Тимор вост.;;;;670;0
Того;;;;228;0
Токелау;;;;690;0
Тонга;;;;676;0
Тринидад и Тобаго;;;;1868;0
Тринидад и Тобаго;;;;186829,18683,18684,18686,18687;1
Тувалу;;;;688;0
Тунис;;;;216;0
Тунис;;;Orange;2165;1
Тунис;;;Orascom;2162;1
Тунис;;;Tunisia Telecom;21640,21641,2169;1
Турке и Кайкос о-ва;;;;1649;0
Туркменистан;;;;993;0
Туркменистан;;;;9936;1
Туркменистан;;Ашхабад;;99312;0
Туркменистан;;;;99366;1
Турция;;;;90;0
Турция;;Адана;;90322;0
Турция;;Анкара;;90312;0
Турция;;Анталья;;90242;0
Турция;;Бурса;;90224;0
Турция;;Измир;;90232;0
Турция;;Кайзери;;90352;0
Турция;;Конья;;90332;0
Турция;;;Aycell;9050,9055;1
Турция;;;Others;905;1
Турция;;;Telsim;9054;1
Турция;;;Turkcell;9053;1
Турция;;;Турция, Моб., роуминг Telsim;905429;1
Турция;;; роуминг Turkcell;905328;1
Турция;;;Северный Кипр Telsim;905428;1
Турция;;;Северный Кипр Turkcell;905338;1
Турция;;Самсун;;90362;0
Турция;;Северный Кипр;;90392;0
Турция;;Стамбул;;90212,90216;0
Турция ;;;Telsim;9054698,9054699,905488;1
Уганда;;;;256;0
Уганда;;;;2563,25647,2567;1
Узбекистан;;;;998;0
Узбекистан;;;;9986,9987;0
Узбекистан;;;Coscom;99893;1
Узбекистан;;;Others;9989;1
Узбекистан;;;Unitel;99890,99891;1
Узбекистан;;;Uzdunrobita;99897;1
Узбекистан;;;Uzmacom;99892;1
Узбекистан;;;роуминг Coscom;9989301;1
Узбекистан;;;роуминг Unitel;9989018,9989091;1
Узбекистан;;;роуминг Uzdunrobita;9989749,9989787-9989789;1
Узбекистан;;Ташкент;Узбекистан, Ташкент;998711-998713;0
Узбекистан;;Ташкент;;998901,998903,998909,998931,998933,998951,998971,998973,998974,998977,998981,998983;1
Узбекистан ;;;Coscom;99894;1
Узбекистан ;;Ташкент;;998711-713;0
Украина;;;;380;0
Украина;;;;380892;
Украина;;Днепропетровск;;380562,3805637,380567;0
Украина;;Донецк;;380622;0
Украина;;Киев;;380442-380445;0
Украина;;Львов;;380322;0
Украина;;;Astelit;38063,38093;1
Украина;;;GoldenTelecom;38039;1
Украина;;;InterTelecom;38094;1
Украина;;;KyievStar;38067,38096-38098;1
Украина;;;Telesystems;38092;1
Украина;;;UMC;38050,38066,38095,38095,38099;1
Украина;;;Wellcom;38068;1
Украина;;;Укртелеком;38091;1
Украина;;Одесса;;380482,380483,380487;0
Украина;;Одеская область;;38048;0
Украина;;Харьков;;380572,380573,380577;0
Украина ;;Киев;;380443,380445,380442,380444;0
Украина ;;;Astelit;380638;1
Украина ;;;Golden Telecom;38039499,38039299,38039799;1
Украина ;;;UMC;38050319,38050349,380996,3805079,38050365,3805089,380991,38050408,38050483,3805012,38050466,38050306,38050354,38050455,38050350,38050485;1
Украина ;;Симферополь;;380652;0
Уоллес и Футуна о-ва;;;;681;0
Уругвай;;;;598;0
Уругвай;;;;5989;1
Фарерские о-ва;;;;298;0
Фиджи;;;;679;0
Филиппины;;;;63;0
Филиппины;;;Globe;63817,63905,63906,63915-63917,63926,63927,63935-63937;1
Филиппины;;;Others;639;1
Филиппины;;;Smart;63907-63910,63912,63918-63921,63928,63929,63938,6398;1
Филиппины;;;Sun;63922,63923,63932,63933;1
Филиппины;;;Smart;63813;1
Финляндия;;;;358;0
Финляндия;;;Premium;35871;0
Финляндия;;;Корпоративные услуги;35810,35820,35829,35830,35860,358700,35873,35873,35875,35876,358800;0
Финляндия;;;Aaland Mobil;3584570,3584573,3584575;1
Финляндия;;;DNA;35841,3584320,3584321,35844,3584541,3584574,3584577-3584579,3584944;1
Финляндия;;;Финляндия, Моб., Elisa;358451-358453,358456,35846;1
Финляндия;;;Others;3584;1
Финляндия;;;TDC;358436,358438;1
Финляндия;;;TeliaSonera;35840,35842;1
Финляндия;;;роуминг DNA;3584479,3584576;1
Финляндия;;;роуминг Elisa;35850;1
Финляндия;;; роуминг TeliaSonera;3584099;1
Финляндия ;;;Elisa;358458;1
Финляндия ;;Хельсинки;;35819,3589;0
Фолклендские о-ва;;;;500;0
Франция;;;;33;0
Франция;;;GlobalStar;336380,3364;1
Франция;;;Bouygues;336003,3360042,336009,33644,336495,33650,33658,33659,3366,33698,33699,3376;1
Франция;;;Orange;336001,3360041,3360051,336008,33607,33608,33630-33633,336365,336369,33637,336381-336389,336401,336409,33642,33643,33645,33647,33648,336490-336494,3367,3368,3378;1
Франция;;;Others;336,337;1
Франция;;;SFR;336002,3360052,336007,33601,33603,336040,336041,336044-336049,33605,336064-336069,33609,3361,3362,33634,33635,336360-336364,3364166-3364169,33646,3377;1
Франция;;; роуминг Bouygues;33653;1
Франция;;; роуминг Orange;33654;1
Франция;;;роуминг SFR;33655;1
Франция;;;Специальные сервисы;338,339;0
Франция ;;;GlobalStar;3364004,3363800,3364002,3364000,3364003,3364001;0
Франция ;;;Bouygues;336695,33663,33665,33666,336699,33662,33668,336694,336691,336693,336444,33660,33661,33664,336697,336446,336445,33667,336690,336692,336696,3364950;1
Франция ;;;Bouygues;336531,336532,336534,336533,336530;1
Франция ;;;Orange;336406,3364161,336442,337708,337709,336403,336408,337705,33788,336366,336407,336441,336443,337706,33786,336367,336405,3364160,336368,336402,337707,33787,336404,336417;1
Франция ;;;SFR;3364006,3364007,3364991,336698,33778,336022,336024,336052,336414,3365667,3365668,3365669,33777,33780,336051,336053,336054,3364008,336412,336419,3375060,337575,337576,336025,336410,3364163,3364164,336440,336447,336448,336449,337577,336411,336415,336418,3364995,3364998,3365666,337505,336050,3364009,336567,3364005,336568,337578,336023,336413,3364990,337500,337507,33754,33755;1
Французская Гвиана;;;;594;0
Французская Гвиана;;;;594694;1
Французская Полинезия;;;;689;0
Хорватия;;;;385;0
Хорватия;;;Те1е2;38595;1
Хорватия;;;T-mobile;38597-38599;1
Хорватия;;;VIP-NET;38591,38592;1
Хорватия;;;роуминг Те1е2;385951;1
Хорватия;;;роуминг T-mobile;385980;1
Хорватия;;;роуминг VIP-NET;385910;1
Хорватия ;;;Tele2;385901;1
Хорватия ;;;T-mobile;38599,38597,38598;1
Центрально-Африканская Республика;;;;236;0
Центрально-Африканская Республика;;;;23670,23672,23675,23677;1
Центрально-Африканская Республика;;;Специальные Сервисы;23621,23622,23636,23674,23687;0
Чад;;;;235;0
Чад;;;;2352,2357;1
Чад;;;Celtel;2353,2356;1
Чад;;;Millicom;2359;1
Черногория;;;;382;0
Черногория;;;MTEL;38268;1
Черногория;;;ProMonte;38263,38269;1
Черногория;;;T-Mobile;38267;1
Черногория;;;Специальные сервисы;38278,38288;0
Чехия;;;;420;0
Чехия;;;;42060,42072,42073,42077,42079,42093,42096;1
Чехия;;;;420602,420603,420770;1
Чехия ;;;;420702;1
Чехия  ;;;travel;4207910;1
Чили;;;;56;0
Чили;;;;568,569;1
Чили;;Сантьяго;;562;0
Чили;;;Специальные Сервисы;5611,5615,563221,563225,5645;0
Швейцария;;;;41;0
Швейцария;;;Corporate Services;4158;0
Швейцария;;;Paging;4174;1
Швейцария;;;ИСС;41801;0
Швейцария;;;Barablu;417698,417699,41860769;1
Швейцария;;;Global Net;4179979,41860799;1
Швейцария;;;In&Phone;417730,417731,4177357,41860773;1
Швейцария;;;Orange;4178,4186078;1
Швейцария;;;Others;4177,4186077;1
Швейцария;;;Sunrise;4176,4186076;1
Швейцария;;;Swisscom;41774,4179,41860774,4186079;1
Швейцария;;;Те1е2;41772,41860772;1
Швейцария;;; роуминг Orange;417893;1
Швейцария;;;роуминг Sunrise;417659;1
Швейцария;;;роуминг Swisscom;417949;1
Швейцария ;;;;4179977,4179978,4186074279;1
Швеция;;;;46;0
Швеция;;;Paging;4674;1
Швеция;;;Comviq;46252,46254,46700,467015,467016,46704,46707,46720,467321,467322,4673461,467355-467359,46736,46737,467387,467389,46739,467605-467609,46762,467640-467642,467655-467659,467665,467666,467669-467672,467690-467694;1
Швеция;;; Hi3G;46675,46723,467600-467604,467616-467619,46763;1
Швеция;;;Others;46676,467,46850;1
Швеция;;;Telenor;46674,467011,467014,4670192,4670196-4670199,46708,46709,46721,467310,467314,467315,467320,467323-467326,467328,46733,46734,467385,467386,467388,467560,467635-467637,467660-467664,4676668,4676669,467685-467689;1
Швеция;;;Telia;46376,46518,46519,46673,467010,467012,467013,467017,467018,4670190,4670191,4670195,46702,46703,46706,46722,46730,467311,467316,467318,467319,467327,467329,4673456,467380-467384,467610-467614,467667,467676-467684;1
Швеция;;;роуминг Comviq;467070,46739;1
Швеция;;;роуминг Hi3G;467350-467354;1
Швеция;;;роуминг Telenor;467080;1
Швеция;;;роуминг Telia;46705;1
Швеция ;;;Comviq;467200,467202,467204,46734608,467290,467292,467294,4676721,4676724,467672673,4673171,46734605,46734606,4676667,46734604,467668,4676697,467203,46734602,46734607,4676698,4676699,4676720,4671900008,467291,467293,46734603,46734609,4676696,4676722,4676725,467201,46760,4676695,4676723;1
Швеция ;;;Comviq;467390;1
Швеция ;;;Hi3G;467230,467231,467232,467233;1
Швеция ;;;Hi3G;467354,467353,467350,467352,467351;1
Швеция ;;;Telenor;46701921,46701923,467219,467236,4673128,4673465,46701925,467190005,467218,467237,467239,467340,467344,4673466,4673467,4673478,4673479,467615,46701926,46701927,46701928,467235,4673462,4673463,4673469,4673477,46701922,467190002,4673476,467348,46701924,467190003,467342,4673475,467349,46701929,467190001,467215,467216,467238,4673457,4673458,4673468,467190004,467341,467343,467217,4673464;1
Швеция ;;;Telia;467191010,467280,4670193,46720505,46720506,467211,467220,4676677,467207,467273,46731211,4676676,467221,467252,467270,46731212,4676671,4676674,467254,467210,467223,467250,467274,467222,467224,467251,467271,467272,4676670,467190000,467206,467253,4676672,4676673;1
Швеция ;;;;4673,4671,4672,46765,4676,46764,4670;1
Шри-Ланка;;;;94;0
Шри-Ланка;;;;947;1
Шри-Ланка;;;Lankabell;94415,94455,94635,94665,94245,94355,94375,94515,94575,94115,94215,94325,94345,94475,94525,94815,94915,94265,94315,94335,94365,94675,94255,94275,94545,94235,94385,94555,94655;0
Шри-Ланка;;;SLT;94343,94353,94373,94472,94473,94543,94573,94632,94252,94323,94332,94333,94452,94663,94263,94272,94312,94382,94512,94513,94662,94672,94113,94313,94342,94352,94413,94652,94673,94812,94212,94242,94243,94322,94362,94112,94213,94232,94363,94372,94412,94522,94542,94633,94813,9419733,94233,94253,94383,94552,94553,94653,94912,94913,94262,94273,94453,94523,94572;0
Шри-Ланка;;;Suntel;94254,94274,94324,94474,94374,94454,94554,94814,94524,94574,94514,94674,94234,94334,94384,94414,94634,94654,94664,94914,94244,94264,94314,94344,94114,94354,94364,94214,94544;0
Шри-Ланка ;;;Airtel;9475;1
Шри-Ланка ;;;Celltel;9472;1
Шри-Ланка ;;;Dialog;94769,94767,94765,9477,94768,94766;1
Шри-Ланка ;;;Dialog CDMA;94357,94367,94817,94387,94477,94527,94277,94337,94657,94677,94117,94247,94267,94317,94637,94217,94347,94417,94547,94557,94257,94327,94517,94667,94917,94237,94377,94457,94577;1
Шри-Ланка ;;;Hutch;9478;1
Шри-Ланка ;;;Mobitel;9471;1
Эквадор;;;;593;0
Эквадор;;;;5938,5939;1
Эквадор ;;;;59369;1
Экваториальная Гвинея;;;;240;0
Эритрея;;;;291;0
Эстония;;;;372;0
Эстония;;;PNS;37270;1
Эстония;;;Elisa;37256,372574,372575,372577-372579;1
Эстония;;; ЕМТ;37250-37253,372590,372591;1
Эстония;;; Others;3725,3725353;1
Эстония;;;Tele2;37255,37258;1
Эстония;;;Top Connect;372531-372533,372536,37254,372570-372573,372576,372592-372599,37281,37282;1
Эстония ;;;;3725416,3725746,3725412,3725413,3725418,3725749,3725417,3725748,3725414,3725415,3725747,3725799;1
Эстония ;;;Elisa;372549,372548;1
Эстония ;;;Televito;3725411194,3725944199,3725999568,3725999569,372599957,3725999581,3725999588,37281800,37257469,37259441985,37259441988,3725999583,3725999587,37259441982,37259441987,37259441989,3725999584,37259441983,3725999582,3725999586,37282200,3725999580,37259441986,3725411193,37257466,37259441984,3725999585;1
Эстония ;;;Tele2;372583,372585,372582,372580,372581,372584;1
Эстония ;;;Top Connect;372587,372588,3725745,372589,3725789,372586,3725788;1
Эстония ;;;премиум;37240990,37240888,37240144,37240224,37240770;0
Эстония ;;;специальные сервисы;3724005;0
Эфиопия;;;;251;0
Эфиопия;;;;2519;1
Южная Осетия;;;;7929805,7929803,7929806,7929807,7929809,7929810,7929811,7929808,7929812,7929804;1
Южная Осетия, Моб.;;;;7929803-7929811;1
Южно-Африканская Республика;;;;27;0
Южно-Африканская Республика;;;;2771-2776,2778,2779,2781-2786;1
Южно-Африканская Республика;;;Специальные Сервисы;27100,27120,27130,27140,27150,27160,27180,27210,27310,27320,27410,27510,2787;0
Южно-Африканская Республика ;;;;27610,27611,27613,27604,27605,27609,27612,2788,27603,27608,27614,27607,27606;1
Ямайка;;;;1876;0
Ямайка;;;;187621,187626-187629,18763,18764,187650,187652-187659,187661-187664,18767,18768,1876909,1876919,1876990,1876995,1876997,1876999;1
Япония;;;;81;0
Япония;;;IP Phone;8150;0
Япония;;;;8170,8180,8190;1
